category_id	category	subcategory_id	subcategory	variant_count	tgv_leaf
1	Work and office	80	Notebooks	156	office-and-writing/notebooks-and-planners/notebooks
1	Work and office	81	Sticky notes	24	office-and-writing/office-accessories/desk-accessories
1	Work and office	82	Gift sets	6	office-and-writing/writing-instruments/gift-sets
1	Work and office	83	Card holders	3	office-and-writing/office-accessories/business-card-holders
1	Work and office	84	Portfolios	11	office-and-writing/office-accessories/folders-and-portfolios
1	Work and office	85	Computer accessories	8	electronics/computer-and-mobile-accessories/computer-mice-and-mousepads
1	Work and office	86	Desk equipment	13	office-and-writing/office-accessories/desk-accessories
1	Work and office	87	Wallets, card cases	9	office-and-writing/office-accessories/business-card-holders
1	Work and office	88	Accessories	9	office-and-writing/office-accessories/desk-accessories
3	Stationery and other	90	Metal pens	305	office-and-writing/writing-instruments/ball-pens
3	Stationery and other	91	Eco pens	102	office-and-writing/writing-instruments/ball-pens
3	Stationery and other	92	Plastic pens	79	office-and-writing/writing-instruments/ball-pens
3	Stationery and other	93	Touch pens	13	office-and-writing/writing-instruments/stylus-pens
3	Stationery and other	94	Roller pens and pointers	7	office-and-writing/writing-instruments/ball-pens
3	Stationery and other	95	Crayons and highlighters	29	kids-and-games/creative-play/drawing-and-coloring-items
3	Stationery and other	96	Stationery sets	26	office-and-writing/writing-instruments/gift-sets
3	Stationery and other	97	Pencils	37	office-and-writing/writing-instruments/pencils
3	Stationery and other	98	Pen pouches	17	kids-and-games/creative-play/pencil-cases-and-accessories
3	Stationery and other	99	Refills	11	office-and-writing/writing-instruments/ball-pens
5	Food and drinks	111	Sport bottles	48	drinkware/bottles/sport-bottles
5	Food and drinks	112	Bottles	80	drinkware/bottles/water-bottles
5	Food and drinks	113	Mugs	31	drinkware/mugs-and-cups/ceramic-mugs
5	Food and drinks	114	Thermal mugs	48	drinkware/mugs-and-cups/travel-tumblers
5	Food and drinks	115	Thermal flasks and jugs	14	drinkware/bottles/thermal-and-vacuum-flasks
5	Food and drinks	116	Hip flasks	6	drinkware/bottles/hip-flasks
5	Food and drinks	117	Alcohol accessories	20	drinkware/bar-and-wine-accessories/cocktail-sets
5	Food and drinks	118	Containers	24	home-and-living/kitchen-and-dining/lunch-boxes-and-food-containers
5	Food and drinks	119	Kitchen equipment	19	home-and-living/kitchen-and-dining/kitchen-tools-and-utensils
5	Food and drinks	120	Grill accessories	7	outdoor-and-leisure/outdoor-gear/barbecue-and-picnic-items
6	Tools and keychains	122	Measuring tapes	10	tools-and-keyrings/tools/measuring-tapes
6	Tools and keychains	123	Flashlights	20	tools-and-keyrings/tools/flashlights-and-torches
6	Tools and keychains	124	Reflectives	31	apparel-and-wearables/workwear-and-safety
6	Tools and keychains	125	Multitools	29	tools-and-keyrings/tools/multi-tools
6	Tools and keychains	126	Tool sets	17	tools-and-keyrings/tools/multi-tools
6	Tools and keychains	127	Keychains	71	tools-and-keyrings/keyrings/basic-keyrings
6	Tools and keychains	128	Accessories	14	accommodation-and-travel/travel-accessories
6	Tools and keychains	129	Window scraper	1	tools-and-keyrings/car-accessories/ice-scrapers
7	Christmas offer	153	Christmas offer	14	seasonal-gifts
8	Sport and leisure	143	Sport	25	outdoor-and-leisure/sports-and-fitness/fitness-and-yoga-accessories
8	Sport and leisure	144	Games	19	kids-and-games/toys-and-plush/outdoor-and-indoor-games
8	Sport and leisure	145	Bicycle	11	outdoor-and-leisure/sports-and-fitness/cycling-accessories
8	Sport and leisure	146	Blankets and hot water bottles	13	home-and-living/textiles/blankets
8	Sport and leisure	147	For animals	4	UNMAPPED
8	Sport and leisure	148	Travel	16	accommodation-and-travel/travel-accessories
8	Sport and leisure	149	Health	6	home-and-living/personal-care-and-wellness/first-aid-kits
8	Sport and leisure	150	For children	7	kids-and-games/toys-and-plush/outdoor-and-indoor-games
8	Sport and leisure	151	Home SPA	15	UNMAPPED
9	Bags and umbrellas	131	Shopping bags	60	bags/shopping-bags/non-woven-bags
9	Bags and umbrellas	132	Sport bags	21	bags/specialty-bags/gym-and-sports-bags
9	Bags and umbrellas	133	Business	8	bags/specialty-bags/document-and-laptop-bags
9	Bags and umbrellas	134	Thermal bags	0	bags/specialty-bags/cooler-bags
9	Bags and umbrellas	135	Drawstring bags	21	bags/backpacks/drawstring-bags
9	Bags and umbrellas	136	Backpacks	27	bags/backpacks/standard-backpacks
9	Bags and umbrellas	137	Toiletry bags	7	accommodation-and-travel/toiletry-bags
9	Bags and umbrellas	138	Wallets	0	office-and-writing/office-accessories/business-card-holders
9	Bags and umbrellas	139	Gift packaging	32	bags/gift-bags
9	Bags and umbrellas	140	For sorting	3	home-and-living/seasonal-and-event-items/household-accessories
9	Bags and umbrellas	141	Umbrellas	51	umbrellas-and-rainwear/umbrellas/standard-umbrellas
10	Oferta Specjalna	78	Higiena i ochrona	0	UNMAPPED
11	Technology	100	Power banks	27	electronics/power-and-charging/power-banks
11	Technology	101	USB memory sticks	55	electronics/usb-flash-drives
11	Technology	102	Speakers	16	electronics/audio-devices/bluetooth-speakers
11	Technology	103	Headphones	13	electronics/audio-devices/earphones-and-headphones
11	Technology	104	Lamps	6	UNMAPPED
11	Technology	105	Weather stations	4	home-and-living/home-decor/clocks-and-weather-stations
11	Technology	106	Clocks and smartwatches	13	home-and-living/home-decor/clocks-and-weather-stations
11	Technology	107	Phone accessories	9	electronics/computer-and-mobile-accessories/phone-holders-and-stands
11	Technology	108	Chargers and cables	40	electronics/power-and-charging/charging-cables-and-adapters
11	Technology	109	Accessories	4	UNMAPPED
12	Materiały promocyjne	154	Katalogi	6	EXCLUDE
12	Materiały promocyjne	155	Wzorniki	9	EXCLUDE
