main_category	sub_category	sku_count	model_count	tgv_leaf
Audio	Earbuds	1	1	electronics/audio-devices/earphones-and-headphones
Audio	Headphones	18	15	electronics/audio-devices/earphones-and-headphones
Audio	Speakers	46	36	electronics/audio-devices/bluetooth-speakers
Audio	True wireless	17	13	electronics/audio-devices/earphones-and-headphones
Bags & Travel	Anti-theft backpacks	60	19	bags/backpacks/anti-theft-backpacks
Bags & Travel	Backpack trolleys	3	3	accommodation-and-travel/travel-bags-and-luggage
Bags & Travel	Backpacks	84	27	bags/backpacks/standard-backpacks
Bags & Travel	Backpacks outdoor/adventure	9	9	bags/backpacks/standard-backpacks
Bags & Travel	Cardholders & Wallets	18	12	accommodation-and-travel/travel-accessories
Bags & Travel	Carry beach bags	12	4	bags/shopping-bags/cotton-and-canvas
Bags & Travel	Carry shopping bags	88	22	bags/shopping-bags/cotton-and-canvas
Bags & Travel	Crossbody bags	17	7	bags/specialty-bags/fanny-packs-and-waist-bags
Bags & Travel	Document exhibition bags	2	1	bags/specialty-bags/document-and-laptop-bags
Bags & Travel	Drawstring bags	10	2	bags/backpacks/drawstring-bags
Bags & Travel	Laptop backpacks	119	59	bags/backpacks/laptop-backpacks
Bags & Travel	Laptop bags executive	38	22	bags/specialty-bags/document-and-laptop-bags
Bags & Travel	Laptop sleeves	52	24	bags/specialty-bags/document-and-laptop-bags
Bags & Travel	Sling bags	26	7	bags/specialty-bags/fanny-packs-and-waist-bags
Bags & Travel	Travel Accessories	22	13	accommodation-and-travel/travel-accessories
Bags & Travel	Travel garment bags	2	1	accommodation-and-travel/travel-bags-and-luggage
Bags & Travel	Travel sets	1	1	accommodation-and-travel/travel-accessories
Bags & Travel	Travel toiletry bags	45	22	accommodation-and-travel/toiletry-bags
Bags & Travel	Trolley bags	3	2	accommodation-and-travel/travel-bags-and-luggage
Bags & Travel	Weekend bags large	4	1	accommodation-and-travel/travel-bags-and-luggage
Bags & Travel	Weekend duffle bags	5	2	accommodation-and-travel/travel-bags-and-luggage
Bags & Travel	Weekend medium bags	26	10	accommodation-and-travel/travel-bags-and-luggage
Bags & Travel	Weekend sport bags	49	20	bags/specialty-bags/gym-and-sports-bags
Car & Safety	Bike accessories	1	1	outdoor-and-leisure/sports-and-fitness/cycling-accessories
Car & Safety	Car accessories	8	6	tools-and-keyrings/car-accessories/car-organizers-and-accessories
Car & Safety	First aid & Home safety	22	11	home-and-living/personal-care-and-wellness/first-aid-kits
Drinkware	Ceramic mugs	46	9	drinkware/mugs-and-cups/ceramic-mugs
Drinkware	Coffee mugs & tumblers	205	58	drinkware/mugs-and-cups/travel-tumblers
Drinkware	Drinkware sets	1	1	drinkware/bottles/water-bottles
Drinkware	Glass	5	3	drinkware/mugs-and-cups/glass-mugs
Drinkware	Infuser bottles	3	3	drinkware/bottles/water-bottles
Drinkware	Thermos flasks	109	37	drinkware/bottles/thermal-and-vacuum-flasks
Drinkware	Water bottles	217	62	drinkware/bottles/water-bottles
Headwear	5 panel caps	26	5	apparel-and-wearables/headwear/caps-and-hats
Headwear	6 panel caps	48	9	apparel-and-wearables/headwear/caps-and-hats
Headwear	Beanies	24	5	apparel-and-wearables/headwear/beanies
Headwear	Hats	11	3	apparel-and-wearables/headwear/caps-and-hats
Headwear	Scarves	4	2	apparel-and-wearables/textile-accessories
Healthy Living & Sport	Activity Trackers	3	1	electronics/smart-devices/smartwatches
Healthy Living & Sport	Sport accessories	1	1	outdoor-and-leisure/sports-and-fitness/fitness-and-yoga-accessories
Home & Living	Bathrobes	4	2	home-and-living/textiles/towels
Home & Living	Bathroom textiles	42	15	home-and-living/textiles/towels
Home & Living	Blankets	31	14	home-and-living/textiles/blankets
Home & Living	Candles & Fragrance sticks	14	8	home-and-living/home-decor/candles-and-fragrances
Home & Living	Coffee & Tea	3	1	home-and-living/kitchen-and-dining/kitchen-tools-and-utensils
Home & Living	Cutting sets	1	1	home-and-living/kitchen-and-dining/kitchen-tools-and-utensils
Home & Living	Games	12	12	kids-and-games/toys-and-plush/outdoor-and-indoor-games
Home & Living	Interior	8	3	home-and-living/seasonal-and-event-items/household-accessories
Home & Living	Kitchen accessories	110	97	home-and-living/kitchen-and-dining/kitchen-tools-and-utensils
Home & Living	Lunchboxes & Foodflasks	28	18	home-and-living/kitchen-and-dining/lunch-boxes-and-food-containers
Home & Living	Table accessories	5	2	home-and-living/kitchen-and-dining/kitchen-tools-and-utensils
Home & Living	Tableware	16	13	home-and-living/kitchen-and-dining/kitchen-tools-and-utensils
Home & Living	Wellness &Personal care	14	12	home-and-living/personal-care-and-wellness/first-aid-kits
Home & Living	Wine & Bar	12	11	drinkware/bar-and-wine-accessories/wine-sets
Home & Living	interior & accessories	13	5	home-and-living/seasonal-and-event-items/household-accessories
Lanyards & Keychains	Keychains	15	9	tools-and-keyrings/keyrings/basic-keyrings
Outdoor	Adventure sets	2	2	outdoor-and-leisure/outdoor-gear/camping-gear
Outdoor	Barbecue	6	6	outdoor-and-leisure/outdoor-gear/barbecue-and-picnic-items
Outdoor	Beach towels	11	5	outdoor-and-leisure/sports-and-fitness/sports-towels
Outdoor	Cooler bags	108	49	bags/specialty-bags/cooler-bags
Outdoor	Outdoor accessories	6	4	outdoor-and-leisure/outdoor-gear/camping-gear
Outdoor	Outdoor games	18	18	kids-and-games/toys-and-plush/outdoor-and-indoor-games
Outdoor	Picnic	33	13	outdoor-and-leisure/outdoor-gear/barbecue-and-picnic-items
Outdoor	Poncho's	1	1	umbrellas-and-rainwear/rainwear/raincoats
Outdoor	Sport Accessoires	4	2	outdoor-and-leisure/sports-and-fitness/fitness-and-yoga-accessories
Outdoor	Sunglasses	20	9	outdoor-and-leisure/travel-and-beach/sunglasses
Phone & Tablet accessories	Chargers	13	13	electronics/power-and-charging/charging-cables-and-adapters
Phone & Tablet accessories	Connectors & Cables	59	38	electronics/power-and-charging/charging-cables-and-adapters
Phone & Tablet accessories	Desk accessories	10	7	office-and-writing/office-accessories/desk-accessories
Phone & Tablet accessories	FindMy-compatible products	31	17	electronics/smart-devices/smart-finders
Phone & Tablet accessories	Gaming accessoires	2	2	electronics/computer-and-mobile-accessories/computer-mice-and-mousepads
Phone & Tablet accessories	Holders & Casings	1	1	electronics/computer-and-mobile-accessories/phone-holders-and-stands
Phone & Tablet accessories	Hubs	6	6	electronics/power-and-charging/charging-cables-and-adapters
Phone & Tablet accessories	Laserpointers & -presenters	1	1	office-and-writing/office-accessories/desk-accessories
Phone & Tablet accessories	Mobile Gadgets	19	17	electronics/computer-and-mobile-accessories/phone-holders-and-stands
Phone & Tablet accessories	Post-PC accessories	7	4	electronics/computer-and-mobile-accessories/computer-mice-and-mousepads
Phone & Tablet accessories	Powerbanks	89	61	electronics/power-and-charging/power-banks
Phone & Tablet accessories	Smartwatches	4	4	electronics/smart-devices/smartwatches
Phone & Tablet accessories	Stands	9	8	electronics/computer-and-mobile-accessories/phone-holders-and-stands
Phone & Tablet accessories	Travel adapters	5	5	electronics/power-and-charging/charging-cables-and-adapters
Phone & Tablet accessories	Wireless charger	59	51	electronics/power-and-charging/wireless-chargers
Portfolios & Notebooks	Notebooks basic	71	31	office-and-writing/notebooks-and-planners/notebooks
Portfolios & Notebooks	Notebooks executive	38	18	office-and-writing/notebooks-and-planners/notebooks
Portfolios & Notebooks	Portfolios	5	2	office-and-writing/office-accessories/folders-and-portfolios
Portfolios & Notebooks	Portfolios deluxe	7	4	office-and-writing/office-accessories/folders-and-portfolios
Portfolios & Notebooks	Portfolios with zipper	7	4	office-and-writing/office-accessories/folders-and-portfolios
Textile	Kids Sweatshirts	54	1	apparel-and-wearables/sweaters-and-fleece
Textile	Kids t-shirts	88	1	apparel-and-wearables/t-shirts
Textile	Men bodywarmers	52	1	apparel-and-wearables/jackets-and-bodywarmers
Textile	Men jackets	54	2	apparel-and-wearables/jackets-and-bodywarmers
Textile	Unisex Fleece Jackets	50	2	apparel-and-wearables/sweaters-and-fleece
Textile	Unisex Pants	63	1	apparel-and-wearables/fashion-apparel/pants
Textile	Unisex Polos	232	1	apparel-and-wearables/polo-shirts
Textile	Unisex Sweatshirts	1571	13	apparel-and-wearables/sweaters-and-fleece
Textile	Unisex T-Shirts	912	8	apparel-and-wearables/t-shirts
Textile	Unisex fleece hoodies	34	1	apparel-and-wearables/sweaters-and-fleece
Textile	Unisex jackets	92	3	apparel-and-wearables/jackets-and-bodywarmers
Textile	Women bodywarmers	60	1	apparel-and-wearables/jackets-and-bodywarmers
Textile	Women jackets	58	2	apparel-and-wearables/jackets-and-bodywarmers
Textile	Women t-shirts	116	1	apparel-and-wearables/t-shirts
Textile	women polos	116	1	apparel-and-wearables/polo-shirts
Tools & Torches	Light	1	1	tools-and-keyrings/tools/flashlights-and-torches
Tools & Torches	Measuring tapes	26	22	tools-and-keyrings/tools/measuring-tapes
Tools & Torches	Multitools	14	12	tools-and-keyrings/tools/multi-tools
Tools & Torches	Pocket knives	1	1	tools-and-keyrings/tools/pocket-knives
Tools & Torches	Rulers & cutters	10	9	office-and-writing/office-accessories/paper-cutters
Tools & Torches	Table lamp	24	12	office-and-writing/office-accessories/desk-accessories
Tools & Torches	Tool gifts	2	2	tools-and-keyrings/tools/multi-tools
Tools & Torches	Tool pens	7	4	tools-and-keyrings/tools/multi-tools
Tools & Torches	Tool sets	3	3	tools-and-keyrings/tools/multi-tools
Tools & Torches	Torches	40	29	tools-and-keyrings/tools/flashlights-and-torches
Tools & Torches	Work light	3	3	tools-and-keyrings/tools/flashlights-and-torches
Umbrellas	Foldable umbrellas	51	18	umbrellas-and-rainwear/umbrellas/folding-umbrellas
Umbrellas	Golf umbrellas (> 23')	30	14	umbrellas-and-rainwear/umbrellas/golf-umbrellas
Umbrellas	Standard umbrellas (≤ 23')	9	3	umbrellas-and-rainwear/umbrellas/standard-umbrellas
Writing Instruments	Eco pens	21	7	office-and-writing/writing-instruments/ball-pens
Writing Instruments	Metal pens	34	14	office-and-writing/writing-instruments/ball-pens
Writing Instruments	Pen sets	13	10	office-and-writing/writing-instruments/gift-sets
Writing Instruments	Pencils	12	8	office-and-writing/writing-instruments/pencils
Writing Instruments	Plastic pens	144	23	office-and-writing/writing-instruments/ball-pens
